{
	"partitions" : [
		{
			"name" : "Top",
			"pins" : [
				{
					"name" : "counter[0]",
					"strict" : false
				},
				{
					"name" : "counter[1]",
					"strict" : false
				},
				{
					"name" : "counter[2]",
					"strict" : false
				},
				{
					"name" : "counter[3]",
					"strict" : false
				},
				{
					"name" : "resultado[0]",
					"strict" : false
				},
				{
					"name" : "resultado[1]",
					"strict" : false
				},
				{
					"name" : "resultado[2]",
					"strict" : false
				},
				{
					"name" : "resultado[3]",
					"strict" : false
				},
				{
					"name" : "cout",
					"strict" : false
				},
				{
					"name" : "zero",
					"strict" : false
				},
				{
					"name" : "neg",
					"strict" : false
				},
				{
					"name" : "overflow",
					"strict" : false
				},
				{
					"name" : "display[0]",
					"strict" : false
				},
				{
					"name" : "display[1]",
					"strict" : false
				},
				{
					"name" : "display[2]",
					"strict" : false
				},
				{
					"name" : "display[3]",
					"strict" : false
				},
				{
					"name" : "display[4]",
					"strict" : false
				},
				{
					"name" : "display[5]",
					"strict" : false
				},
				{
					"name" : "display[6]",
					"strict" : false
				},
				{
					"name" : "b[0]",
					"strict" : false
				},
				{
					"name" : "a[0]",
					"strict" : false
				},
				{
					"name" : "a[1]",
					"strict" : false
				},
				{
					"name" : "b[1]",
					"strict" : false
				},
				{
					"name" : "a[3]",
					"strict" : false
				},
				{
					"name" : "b[3]",
					"strict" : false
				},
				{
					"name" : "a[2]",
					"strict" : false
				},
				{
					"name" : "b[2]",
					"strict" : false
				},
				{
					"name" : "op",
					"strict" : false
				}
			]
		}
	]
}