{
	"partitions" : [
		{
			"name" : "Top",
			"pins" : [
				{
					"name" : "victoria",
					"strict" : false
				},
				{
					"name" : "stateout[0]",
					"strict" : false
				},
				{
					"name" : "stateout[1]",
					"strict" : false
				},
				{
					"name" : "stateout[2]",
					"strict" : false
				},
				{
					"name" : "d0[0]",
					"strict" : false
				},
				{
					"name" : "d0[1]",
					"strict" : false
				},
				{
					"name" : "d0[2]",
					"strict" : false
				},
				{
					"name" : "d0[3]",
					"strict" : false
				},
				{
					"name" : "d0[4]",
					"strict" : false
				},
				{
					"name" : "d0[5]",
					"strict" : false
				},
				{
					"name" : "d0[6]",
					"strict" : false
				},
				{
					"name" : "d1[0]",
					"strict" : false
				},
				{
					"name" : "d1[1]",
					"strict" : false
				},
				{
					"name" : "d1[2]",
					"strict" : false
				},
				{
					"name" : "d1[3]",
					"strict" : false
				},
				{
					"name" : "d1[4]",
					"strict" : false
				},
				{
					"name" : "d1[5]",
					"strict" : false
				},
				{
					"name" : "d1[6]",
					"strict" : false
				},
				{
					"name" : "d2[0]",
					"strict" : false
				},
				{
					"name" : "d2[1]",
					"strict" : false
				},
				{
					"name" : "d2[2]",
					"strict" : false
				},
				{
					"name" : "d2[3]",
					"strict" : false
				},
				{
					"name" : "d2[4]",
					"strict" : false
				},
				{
					"name" : "d2[5]",
					"strict" : false
				},
				{
					"name" : "d2[6]",
					"strict" : false
				},
				{
					"name" : "d3[0]",
					"strict" : false
				},
				{
					"name" : "d3[1]",
					"strict" : false
				},
				{
					"name" : "d3[2]",
					"strict" : false
				},
				{
					"name" : "d3[3]",
					"strict" : false
				},
				{
					"name" : "d3[4]",
					"strict" : false
				},
				{
					"name" : "d3[5]",
					"strict" : false
				},
				{
					"name" : "d3[6]",
					"strict" : false
				},
				{
					"name" : "arrayout[0][0]",
					"strict" : false
				},
				{
					"name" : "arrayout[0][1]",
					"strict" : false
				},
				{
					"name" : "arrayout[0][2]",
					"strict" : false
				},
				{
					"name" : "arrayout[0][3]",
					"strict" : false
				},
				{
					"name" : "arrayout[0][4]",
					"strict" : false
				},
				{
					"name" : "arrayout[0][5]",
					"strict" : false
				},
				{
					"name" : "arrayout[0][6]",
					"strict" : false
				},
				{
					"name" : "arrayout[0][7]",
					"strict" : false
				},
				{
					"name" : "arrayout[0][8]",
					"strict" : false
				},
				{
					"name" : "arrayout[0][9]",
					"strict" : false
				},
				{
					"name" : "arrayout[0][10]",
					"strict" : false
				},
				{
					"name" : "arrayout[0][11]",
					"strict" : false
				},
				{
					"name" : "arrayout[0][12]",
					"strict" : false
				},
				{
					"name" : "arrayout[0][13]",
					"strict" : false
				},
				{
					"name" : "arrayout[0][14]",
					"strict" : false
				},
				{
					"name" : "arrayout[0][15]",
					"strict" : false
				},
				{
					"name" : "arrayout[0][16]",
					"strict" : false
				},
				{
					"name" : "arrayout[0][17]",
					"strict" : false
				},
				{
					"name" : "arrayout[0][18]",
					"strict" : false
				},
				{
					"name" : "arrayout[0][19]",
					"strict" : false
				},
				{
					"name" : "arrayout[0][20]",
					"strict" : false
				},
				{
					"name" : "arrayout[0][21]",
					"strict" : false
				},
				{
					"name" : "arrayout[0][22]",
					"strict" : false
				},
				{
					"name" : "arrayout[0][23]",
					"strict" : false
				},
				{
					"name" : "arrayout[0][24]",
					"strict" : false
				},
				{
					"name" : "arrayout[0][25]",
					"strict" : false
				},
				{
					"name" : "arrayout[0][26]",
					"strict" : false
				},
				{
					"name" : "arrayout[0][27]",
					"strict" : false
				},
				{
					"name" : "arrayout[0][28]",
					"strict" : false
				},
				{
					"name" : "arrayout[0][29]",
					"strict" : false
				},
				{
					"name" : "arrayout[0][30]",
					"strict" : false
				},
				{
					"name" : "arrayout[0][31]",
					"strict" : false
				},
				{
					"name" : "arrayout[1][0]",
					"strict" : false
				},
				{
					"name" : "arrayout[1][1]",
					"strict" : false
				},
				{
					"name" : "arrayout[1][2]",
					"strict" : false
				},
				{
					"name" : "arrayout[1][3]",
					"strict" : false
				},
				{
					"name" : "arrayout[1][4]",
					"strict" : false
				},
				{
					"name" : "arrayout[1][5]",
					"strict" : false
				},
				{
					"name" : "arrayout[1][6]",
					"strict" : false
				},
				{
					"name" : "arrayout[1][7]",
					"strict" : false
				},
				{
					"name" : "arrayout[1][8]",
					"strict" : false
				},
				{
					"name" : "arrayout[1][9]",
					"strict" : false
				},
				{
					"name" : "arrayout[1][10]",
					"strict" : false
				},
				{
					"name" : "arrayout[1][11]",
					"strict" : false
				},
				{
					"name" : "arrayout[1][12]",
					"strict" : false
				},
				{
					"name" : "arrayout[1][13]",
					"strict" : false
				},
				{
					"name" : "arrayout[1][14]",
					"strict" : false
				},
				{
					"name" : "arrayout[1][15]",
					"strict" : false
				},
				{
					"name" : "arrayout[1][16]",
					"strict" : false
				},
				{
					"name" : "arrayout[1][17]",
					"strict" : false
				},
				{
					"name" : "arrayout[1][18]",
					"strict" : false
				},
				{
					"name" : "arrayout[1][19]",
					"strict" : false
				},
				{
					"name" : "arrayout[1][20]",
					"strict" : false
				},
				{
					"name" : "arrayout[1][21]",
					"strict" : false
				},
				{
					"name" : "arrayout[1][22]",
					"strict" : false
				},
				{
					"name" : "arrayout[1][23]",
					"strict" : false
				},
				{
					"name" : "arrayout[1][24]",
					"strict" : false
				},
				{
					"name" : "arrayout[1][25]",
					"strict" : false
				},
				{
					"name" : "arrayout[1][26]",
					"strict" : false
				},
				{
					"name" : "arrayout[1][27]",
					"strict" : false
				},
				{
					"name" : "arrayout[1][28]",
					"strict" : false
				},
				{
					"name" : "arrayout[1][29]",
					"strict" : false
				},
				{
					"name" : "arrayout[1][30]",
					"strict" : false
				},
				{
					"name" : "arrayout[1][31]",
					"strict" : false
				},
				{
					"name" : "arrayout[2][0]",
					"strict" : false
				},
				{
					"name" : "arrayout[2][1]",
					"strict" : false
				},
				{
					"name" : "arrayout[2][2]",
					"strict" : false
				},
				{
					"name" : "arrayout[2][3]",
					"strict" : false
				},
				{
					"name" : "arrayout[2][4]",
					"strict" : false
				},
				{
					"name" : "arrayout[2][5]",
					"strict" : false
				},
				{
					"name" : "arrayout[2][6]",
					"strict" : false
				},
				{
					"name" : "arrayout[2][7]",
					"strict" : false
				},
				{
					"name" : "arrayout[2][8]",
					"strict" : false
				},
				{
					"name" : "arrayout[2][9]",
					"strict" : false
				},
				{
					"name" : "arrayout[2][10]",
					"strict" : false
				},
				{
					"name" : "arrayout[2][11]",
					"strict" : false
				},
				{
					"name" : "arrayout[2][12]",
					"strict" : false
				},
				{
					"name" : "arrayout[2][13]",
					"strict" : false
				},
				{
					"name" : "arrayout[2][14]",
					"strict" : false
				},
				{
					"name" : "arrayout[2][15]",
					"strict" : false
				},
				{
					"name" : "arrayout[2][16]",
					"strict" : false
				},
				{
					"name" : "arrayout[2][17]",
					"strict" : false
				},
				{
					"name" : "arrayout[2][18]",
					"strict" : false
				},
				{
					"name" : "arrayout[2][19]",
					"strict" : false
				},
				{
					"name" : "arrayout[2][20]",
					"strict" : false
				},
				{
					"name" : "arrayout[2][21]",
					"strict" : false
				},
				{
					"name" : "arrayout[2][22]",
					"strict" : false
				},
				{
					"name" : "arrayout[2][23]",
					"strict" : false
				},
				{
					"name" : "arrayout[2][24]",
					"strict" : false
				},
				{
					"name" : "arrayout[2][25]",
					"strict" : false
				},
				{
					"name" : "arrayout[2][26]",
					"strict" : false
				},
				{
					"name" : "arrayout[2][27]",
					"strict" : false
				},
				{
					"name" : "arrayout[2][28]",
					"strict" : false
				},
				{
					"name" : "arrayout[2][29]",
					"strict" : false
				},
				{
					"name" : "arrayout[2][30]",
					"strict" : false
				},
				{
					"name" : "arrayout[2][31]",
					"strict" : false
				},
				{
					"name" : "arrayout[3][0]",
					"strict" : false
				},
				{
					"name" : "arrayout[3][1]",
					"strict" : false
				},
				{
					"name" : "arrayout[3][2]",
					"strict" : false
				},
				{
					"name" : "arrayout[3][3]",
					"strict" : false
				},
				{
					"name" : "arrayout[3][4]",
					"strict" : false
				},
				{
					"name" : "arrayout[3][5]",
					"strict" : false
				},
				{
					"name" : "arrayout[3][6]",
					"strict" : false
				},
				{
					"name" : "arrayout[3][7]",
					"strict" : false
				},
				{
					"name" : "arrayout[3][8]",
					"strict" : false
				},
				{
					"name" : "arrayout[3][9]",
					"strict" : false
				},
				{
					"name" : "arrayout[3][10]",
					"strict" : false
				},
				{
					"name" : "arrayout[3][11]",
					"strict" : false
				},
				{
					"name" : "arrayout[3][12]",
					"strict" : false
				},
				{
					"name" : "arrayout[3][13]",
					"strict" : false
				},
				{
					"name" : "arrayout[3][14]",
					"strict" : false
				},
				{
					"name" : "arrayout[3][15]",
					"strict" : false
				},
				{
					"name" : "arrayout[3][16]",
					"strict" : false
				},
				{
					"name" : "arrayout[3][17]",
					"strict" : false
				},
				{
					"name" : "arrayout[3][18]",
					"strict" : false
				},
				{
					"name" : "arrayout[3][19]",
					"strict" : false
				},
				{
					"name" : "arrayout[3][20]",
					"strict" : false
				},
				{
					"name" : "arrayout[3][21]",
					"strict" : false
				},
				{
					"name" : "arrayout[3][22]",
					"strict" : false
				},
				{
					"name" : "arrayout[3][23]",
					"strict" : false
				},
				{
					"name" : "arrayout[3][24]",
					"strict" : false
				},
				{
					"name" : "arrayout[3][25]",
					"strict" : false
				},
				{
					"name" : "arrayout[3][26]",
					"strict" : false
				},
				{
					"name" : "arrayout[3][27]",
					"strict" : false
				},
				{
					"name" : "arrayout[3][28]",
					"strict" : false
				},
				{
					"name" : "arrayout[3][29]",
					"strict" : false
				},
				{
					"name" : "arrayout[3][30]",
					"strict" : false
				},
				{
					"name" : "arrayout[3][31]",
					"strict" : false
				},
				{
					"name" : "arrayout[4][0]",
					"strict" : false
				},
				{
					"name" : "arrayout[4][1]",
					"strict" : false
				},
				{
					"name" : "arrayout[4][2]",
					"strict" : false
				},
				{
					"name" : "arrayout[4][3]",
					"strict" : false
				},
				{
					"name" : "arrayout[4][4]",
					"strict" : false
				},
				{
					"name" : "arrayout[4][5]",
					"strict" : false
				},
				{
					"name" : "arrayout[4][6]",
					"strict" : false
				},
				{
					"name" : "arrayout[4][7]",
					"strict" : false
				},
				{
					"name" : "arrayout[4][8]",
					"strict" : false
				},
				{
					"name" : "arrayout[4][9]",
					"strict" : false
				},
				{
					"name" : "arrayout[4][10]",
					"strict" : false
				},
				{
					"name" : "arrayout[4][11]",
					"strict" : false
				},
				{
					"name" : "arrayout[4][12]",
					"strict" : false
				},
				{
					"name" : "arrayout[4][13]",
					"strict" : false
				},
				{
					"name" : "arrayout[4][14]",
					"strict" : false
				},
				{
					"name" : "arrayout[4][15]",
					"strict" : false
				},
				{
					"name" : "arrayout[4][16]",
					"strict" : false
				},
				{
					"name" : "arrayout[4][17]",
					"strict" : false
				},
				{
					"name" : "arrayout[4][18]",
					"strict" : false
				},
				{
					"name" : "arrayout[4][19]",
					"strict" : false
				},
				{
					"name" : "arrayout[4][20]",
					"strict" : false
				},
				{
					"name" : "arrayout[4][21]",
					"strict" : false
				},
				{
					"name" : "arrayout[4][22]",
					"strict" : false
				},
				{
					"name" : "arrayout[4][23]",
					"strict" : false
				},
				{
					"name" : "arrayout[4][24]",
					"strict" : false
				},
				{
					"name" : "arrayout[4][25]",
					"strict" : false
				},
				{
					"name" : "arrayout[4][26]",
					"strict" : false
				},
				{
					"name" : "arrayout[4][27]",
					"strict" : false
				},
				{
					"name" : "arrayout[4][28]",
					"strict" : false
				},
				{
					"name" : "arrayout[4][29]",
					"strict" : false
				},
				{
					"name" : "arrayout[4][30]",
					"strict" : false
				},
				{
					"name" : "arrayout[4][31]",
					"strict" : false
				},
				{
					"name" : "arrayout[5][0]",
					"strict" : false
				},
				{
					"name" : "arrayout[5][1]",
					"strict" : false
				},
				{
					"name" : "arrayout[5][2]",
					"strict" : false
				},
				{
					"name" : "arrayout[5][3]",
					"strict" : false
				},
				{
					"name" : "arrayout[5][4]",
					"strict" : false
				},
				{
					"name" : "arrayout[5][5]",
					"strict" : false
				},
				{
					"name" : "arrayout[5][6]",
					"strict" : false
				},
				{
					"name" : "arrayout[5][7]",
					"strict" : false
				},
				{
					"name" : "arrayout[5][8]",
					"strict" : false
				},
				{
					"name" : "arrayout[5][9]",
					"strict" : false
				},
				{
					"name" : "arrayout[5][10]",
					"strict" : false
				},
				{
					"name" : "arrayout[5][11]",
					"strict" : false
				},
				{
					"name" : "arrayout[5][12]",
					"strict" : false
				},
				{
					"name" : "arrayout[5][13]",
					"strict" : false
				},
				{
					"name" : "arrayout[5][14]",
					"strict" : false
				},
				{
					"name" : "arrayout[5][15]",
					"strict" : false
				},
				{
					"name" : "arrayout[5][16]",
					"strict" : false
				},
				{
					"name" : "arrayout[5][17]",
					"strict" : false
				},
				{
					"name" : "arrayout[5][18]",
					"strict" : false
				},
				{
					"name" : "arrayout[5][19]",
					"strict" : false
				},
				{
					"name" : "arrayout[5][20]",
					"strict" : false
				},
				{
					"name" : "arrayout[5][21]",
					"strict" : false
				},
				{
					"name" : "arrayout[5][22]",
					"strict" : false
				},
				{
					"name" : "arrayout[5][23]",
					"strict" : false
				},
				{
					"name" : "arrayout[5][24]",
					"strict" : false
				},
				{
					"name" : "arrayout[5][25]",
					"strict" : false
				},
				{
					"name" : "arrayout[5][26]",
					"strict" : false
				},
				{
					"name" : "arrayout[5][27]",
					"strict" : false
				},
				{
					"name" : "arrayout[5][28]",
					"strict" : false
				},
				{
					"name" : "arrayout[5][29]",
					"strict" : false
				},
				{
					"name" : "arrayout[5][30]",
					"strict" : false
				},
				{
					"name" : "arrayout[5][31]",
					"strict" : false
				},
				{
					"name" : "arrayout[6][0]",
					"strict" : false
				},
				{
					"name" : "arrayout[6][1]",
					"strict" : false
				},
				{
					"name" : "arrayout[6][2]",
					"strict" : false
				},
				{
					"name" : "arrayout[6][3]",
					"strict" : false
				},
				{
					"name" : "arrayout[6][4]",
					"strict" : false
				},
				{
					"name" : "arrayout[6][5]",
					"strict" : false
				},
				{
					"name" : "arrayout[6][6]",
					"strict" : false
				},
				{
					"name" : "arrayout[6][7]",
					"strict" : false
				},
				{
					"name" : "arrayout[6][8]",
					"strict" : false
				},
				{
					"name" : "arrayout[6][9]",
					"strict" : false
				},
				{
					"name" : "arrayout[6][10]",
					"strict" : false
				},
				{
					"name" : "arrayout[6][11]",
					"strict" : false
				},
				{
					"name" : "arrayout[6][12]",
					"strict" : false
				},
				{
					"name" : "arrayout[6][13]",
					"strict" : false
				},
				{
					"name" : "arrayout[6][14]",
					"strict" : false
				},
				{
					"name" : "arrayout[6][15]",
					"strict" : false
				},
				{
					"name" : "arrayout[6][16]",
					"strict" : false
				},
				{
					"name" : "arrayout[6][17]",
					"strict" : false
				},
				{
					"name" : "arrayout[6][18]",
					"strict" : false
				},
				{
					"name" : "arrayout[6][19]",
					"strict" : false
				},
				{
					"name" : "arrayout[6][20]",
					"strict" : false
				},
				{
					"name" : "arrayout[6][21]",
					"strict" : false
				},
				{
					"name" : "arrayout[6][22]",
					"strict" : false
				},
				{
					"name" : "arrayout[6][23]",
					"strict" : false
				},
				{
					"name" : "arrayout[6][24]",
					"strict" : false
				},
				{
					"name" : "arrayout[6][25]",
					"strict" : false
				},
				{
					"name" : "arrayout[6][26]",
					"strict" : false
				},
				{
					"name" : "arrayout[6][27]",
					"strict" : false
				},
				{
					"name" : "arrayout[6][28]",
					"strict" : false
				},
				{
					"name" : "arrayout[6][29]",
					"strict" : false
				},
				{
					"name" : "arrayout[6][30]",
					"strict" : false
				},
				{
					"name" : "arrayout[6][31]",
					"strict" : false
				},
				{
					"name" : "arrayout[7][0]",
					"strict" : false
				},
				{
					"name" : "arrayout[7][1]",
					"strict" : false
				},
				{
					"name" : "arrayout[7][2]",
					"strict" : false
				},
				{
					"name" : "arrayout[7][3]",
					"strict" : false
				},
				{
					"name" : "arrayout[7][4]",
					"strict" : false
				},
				{
					"name" : "arrayout[7][5]",
					"strict" : false
				},
				{
					"name" : "arrayout[7][6]",
					"strict" : false
				},
				{
					"name" : "arrayout[7][7]",
					"strict" : false
				},
				{
					"name" : "arrayout[7][8]",
					"strict" : false
				},
				{
					"name" : "arrayout[7][9]",
					"strict" : false
				},
				{
					"name" : "arrayout[7][10]",
					"strict" : false
				},
				{
					"name" : "arrayout[7][11]",
					"strict" : false
				},
				{
					"name" : "arrayout[7][12]",
					"strict" : false
				},
				{
					"name" : "arrayout[7][13]",
					"strict" : false
				},
				{
					"name" : "arrayout[7][14]",
					"strict" : false
				},
				{
					"name" : "arrayout[7][15]",
					"strict" : false
				},
				{
					"name" : "arrayout[7][16]",
					"strict" : false
				},
				{
					"name" : "arrayout[7][17]",
					"strict" : false
				},
				{
					"name" : "arrayout[7][18]",
					"strict" : false
				},
				{
					"name" : "arrayout[7][19]",
					"strict" : false
				},
				{
					"name" : "arrayout[7][20]",
					"strict" : false
				},
				{
					"name" : "arrayout[7][21]",
					"strict" : false
				},
				{
					"name" : "arrayout[7][22]",
					"strict" : false
				},
				{
					"name" : "arrayout[7][23]",
					"strict" : false
				},
				{
					"name" : "arrayout[7][24]",
					"strict" : false
				},
				{
					"name" : "arrayout[7][25]",
					"strict" : false
				},
				{
					"name" : "arrayout[7][26]",
					"strict" : false
				},
				{
					"name" : "arrayout[7][27]",
					"strict" : false
				},
				{
					"name" : "arrayout[7][28]",
					"strict" : false
				},
				{
					"name" : "arrayout[7][29]",
					"strict" : false
				},
				{
					"name" : "arrayout[7][30]",
					"strict" : false
				},
				{
					"name" : "arrayout[7][31]",
					"strict" : false
				},
				{
					"name" : "arrayout[8][0]",
					"strict" : false
				},
				{
					"name" : "arrayout[8][1]",
					"strict" : false
				},
				{
					"name" : "arrayout[8][2]",
					"strict" : false
				},
				{
					"name" : "arrayout[8][3]",
					"strict" : false
				},
				{
					"name" : "arrayout[8][4]",
					"strict" : false
				},
				{
					"name" : "arrayout[8][5]",
					"strict" : false
				},
				{
					"name" : "arrayout[8][6]",
					"strict" : false
				},
				{
					"name" : "arrayout[8][7]",
					"strict" : false
				},
				{
					"name" : "arrayout[8][8]",
					"strict" : false
				},
				{
					"name" : "arrayout[8][9]",
					"strict" : false
				},
				{
					"name" : "arrayout[8][10]",
					"strict" : false
				},
				{
					"name" : "arrayout[8][11]",
					"strict" : false
				},
				{
					"name" : "arrayout[8][12]",
					"strict" : false
				},
				{
					"name" : "arrayout[8][13]",
					"strict" : false
				},
				{
					"name" : "arrayout[8][14]",
					"strict" : false
				},
				{
					"name" : "arrayout[8][15]",
					"strict" : false
				},
				{
					"name" : "arrayout[8][16]",
					"strict" : false
				},
				{
					"name" : "arrayout[8][17]",
					"strict" : false
				},
				{
					"name" : "arrayout[8][18]",
					"strict" : false
				},
				{
					"name" : "arrayout[8][19]",
					"strict" : false
				},
				{
					"name" : "arrayout[8][20]",
					"strict" : false
				},
				{
					"name" : "arrayout[8][21]",
					"strict" : false
				},
				{
					"name" : "arrayout[8][22]",
					"strict" : false
				},
				{
					"name" : "arrayout[8][23]",
					"strict" : false
				},
				{
					"name" : "arrayout[8][24]",
					"strict" : false
				},
				{
					"name" : "arrayout[8][25]",
					"strict" : false
				},
				{
					"name" : "arrayout[8][26]",
					"strict" : false
				},
				{
					"name" : "arrayout[8][27]",
					"strict" : false
				},
				{
					"name" : "arrayout[8][28]",
					"strict" : false
				},
				{
					"name" : "arrayout[8][29]",
					"strict" : false
				},
				{
					"name" : "arrayout[8][30]",
					"strict" : false
				},
				{
					"name" : "arrayout[8][31]",
					"strict" : false
				},
				{
					"name" : "arrayout[9][0]",
					"strict" : false
				},
				{
					"name" : "arrayout[9][1]",
					"strict" : false
				},
				{
					"name" : "arrayout[9][2]",
					"strict" : false
				},
				{
					"name" : "arrayout[9][3]",
					"strict" : false
				},
				{
					"name" : "arrayout[9][4]",
					"strict" : false
				},
				{
					"name" : "arrayout[9][5]",
					"strict" : false
				},
				{
					"name" : "arrayout[9][6]",
					"strict" : false
				},
				{
					"name" : "arrayout[9][7]",
					"strict" : false
				},
				{
					"name" : "arrayout[9][8]",
					"strict" : false
				},
				{
					"name" : "arrayout[9][9]",
					"strict" : false
				},
				{
					"name" : "arrayout[9][10]",
					"strict" : false
				},
				{
					"name" : "arrayout[9][11]",
					"strict" : false
				},
				{
					"name" : "arrayout[9][12]",
					"strict" : false
				},
				{
					"name" : "arrayout[9][13]",
					"strict" : false
				},
				{
					"name" : "arrayout[9][14]",
					"strict" : false
				},
				{
					"name" : "arrayout[9][15]",
					"strict" : false
				},
				{
					"name" : "arrayout[9][16]",
					"strict" : false
				},
				{
					"name" : "arrayout[9][17]",
					"strict" : false
				},
				{
					"name" : "arrayout[9][18]",
					"strict" : false
				},
				{
					"name" : "arrayout[9][19]",
					"strict" : false
				},
				{
					"name" : "arrayout[9][20]",
					"strict" : false
				},
				{
					"name" : "arrayout[9][21]",
					"strict" : false
				},
				{
					"name" : "arrayout[9][22]",
					"strict" : false
				},
				{
					"name" : "arrayout[9][23]",
					"strict" : false
				},
				{
					"name" : "arrayout[9][24]",
					"strict" : false
				},
				{
					"name" : "arrayout[9][25]",
					"strict" : false
				},
				{
					"name" : "arrayout[9][26]",
					"strict" : false
				},
				{
					"name" : "arrayout[9][27]",
					"strict" : false
				},
				{
					"name" : "arrayout[9][28]",
					"strict" : false
				},
				{
					"name" : "arrayout[9][29]",
					"strict" : false
				},
				{
					"name" : "arrayout[9][30]",
					"strict" : false
				},
				{
					"name" : "arrayout[9][31]",
					"strict" : false
				},
				{
					"name" : "arrayout[10][0]",
					"strict" : false
				},
				{
					"name" : "arrayout[10][1]",
					"strict" : false
				},
				{
					"name" : "arrayout[10][2]",
					"strict" : false
				},
				{
					"name" : "arrayout[10][3]",
					"strict" : false
				},
				{
					"name" : "arrayout[10][4]",
					"strict" : false
				},
				{
					"name" : "arrayout[10][5]",
					"strict" : false
				},
				{
					"name" : "arrayout[10][6]",
					"strict" : false
				},
				{
					"name" : "arrayout[10][7]",
					"strict" : false
				},
				{
					"name" : "arrayout[10][8]",
					"strict" : false
				},
				{
					"name" : "arrayout[10][9]",
					"strict" : false
				},
				{
					"name" : "arrayout[10][10]",
					"strict" : false
				},
				{
					"name" : "arrayout[10][11]",
					"strict" : false
				},
				{
					"name" : "arrayout[10][12]",
					"strict" : false
				},
				{
					"name" : "arrayout[10][13]",
					"strict" : false
				},
				{
					"name" : "arrayout[10][14]",
					"strict" : false
				},
				{
					"name" : "arrayout[10][15]",
					"strict" : false
				},
				{
					"name" : "arrayout[10][16]",
					"strict" : false
				},
				{
					"name" : "arrayout[10][17]",
					"strict" : false
				},
				{
					"name" : "arrayout[10][18]",
					"strict" : false
				},
				{
					"name" : "arrayout[10][19]",
					"strict" : false
				},
				{
					"name" : "arrayout[10][20]",
					"strict" : false
				},
				{
					"name" : "arrayout[10][21]",
					"strict" : false
				},
				{
					"name" : "arrayout[10][22]",
					"strict" : false
				},
				{
					"name" : "arrayout[10][23]",
					"strict" : false
				},
				{
					"name" : "arrayout[10][24]",
					"strict" : false
				},
				{
					"name" : "arrayout[10][25]",
					"strict" : false
				},
				{
					"name" : "arrayout[10][26]",
					"strict" : false
				},
				{
					"name" : "arrayout[10][27]",
					"strict" : false
				},
				{
					"name" : "arrayout[10][28]",
					"strict" : false
				},
				{
					"name" : "arrayout[10][29]",
					"strict" : false
				},
				{
					"name" : "arrayout[10][30]",
					"strict" : false
				},
				{
					"name" : "arrayout[10][31]",
					"strict" : false
				},
				{
					"name" : "arrayout[11][0]",
					"strict" : false
				},
				{
					"name" : "arrayout[11][1]",
					"strict" : false
				},
				{
					"name" : "arrayout[11][2]",
					"strict" : false
				},
				{
					"name" : "arrayout[11][3]",
					"strict" : false
				},
				{
					"name" : "arrayout[11][4]",
					"strict" : false
				},
				{
					"name" : "arrayout[11][5]",
					"strict" : false
				},
				{
					"name" : "arrayout[11][6]",
					"strict" : false
				},
				{
					"name" : "arrayout[11][7]",
					"strict" : false
				},
				{
					"name" : "arrayout[11][8]",
					"strict" : false
				},
				{
					"name" : "arrayout[11][9]",
					"strict" : false
				},
				{
					"name" : "arrayout[11][10]",
					"strict" : false
				},
				{
					"name" : "arrayout[11][11]",
					"strict" : false
				},
				{
					"name" : "arrayout[11][12]",
					"strict" : false
				},
				{
					"name" : "arrayout[11][13]",
					"strict" : false
				},
				{
					"name" : "arrayout[11][14]",
					"strict" : false
				},
				{
					"name" : "arrayout[11][15]",
					"strict" : false
				},
				{
					"name" : "arrayout[11][16]",
					"strict" : false
				},
				{
					"name" : "arrayout[11][17]",
					"strict" : false
				},
				{
					"name" : "arrayout[11][18]",
					"strict" : false
				},
				{
					"name" : "arrayout[11][19]",
					"strict" : false
				},
				{
					"name" : "arrayout[11][20]",
					"strict" : false
				},
				{
					"name" : "arrayout[11][21]",
					"strict" : false
				},
				{
					"name" : "arrayout[11][22]",
					"strict" : false
				},
				{
					"name" : "arrayout[11][23]",
					"strict" : false
				},
				{
					"name" : "arrayout[11][24]",
					"strict" : false
				},
				{
					"name" : "arrayout[11][25]",
					"strict" : false
				},
				{
					"name" : "arrayout[11][26]",
					"strict" : false
				},
				{
					"name" : "arrayout[11][27]",
					"strict" : false
				},
				{
					"name" : "arrayout[11][28]",
					"strict" : false
				},
				{
					"name" : "arrayout[11][29]",
					"strict" : false
				},
				{
					"name" : "arrayout[11][30]",
					"strict" : false
				},
				{
					"name" : "arrayout[11][31]",
					"strict" : false
				},
				{
					"name" : "arrayout[12][0]",
					"strict" : false
				},
				{
					"name" : "arrayout[12][1]",
					"strict" : false
				},
				{
					"name" : "arrayout[12][2]",
					"strict" : false
				},
				{
					"name" : "arrayout[12][3]",
					"strict" : false
				},
				{
					"name" : "arrayout[12][4]",
					"strict" : false
				},
				{
					"name" : "arrayout[12][5]",
					"strict" : false
				},
				{
					"name" : "arrayout[12][6]",
					"strict" : false
				},
				{
					"name" : "arrayout[12][7]",
					"strict" : false
				},
				{
					"name" : "arrayout[12][8]",
					"strict" : false
				},
				{
					"name" : "arrayout[12][9]",
					"strict" : false
				},
				{
					"name" : "arrayout[12][10]",
					"strict" : false
				},
				{
					"name" : "arrayout[12][11]",
					"strict" : false
				},
				{
					"name" : "arrayout[12][12]",
					"strict" : false
				},
				{
					"name" : "arrayout[12][13]",
					"strict" : false
				},
				{
					"name" : "arrayout[12][14]",
					"strict" : false
				},
				{
					"name" : "arrayout[12][15]",
					"strict" : false
				},
				{
					"name" : "arrayout[12][16]",
					"strict" : false
				},
				{
					"name" : "arrayout[12][17]",
					"strict" : false
				},
				{
					"name" : "arrayout[12][18]",
					"strict" : false
				},
				{
					"name" : "arrayout[12][19]",
					"strict" : false
				},
				{
					"name" : "arrayout[12][20]",
					"strict" : false
				},
				{
					"name" : "arrayout[12][21]",
					"strict" : false
				},
				{
					"name" : "arrayout[12][22]",
					"strict" : false
				},
				{
					"name" : "arrayout[12][23]",
					"strict" : false
				},
				{
					"name" : "arrayout[12][24]",
					"strict" : false
				},
				{
					"name" : "arrayout[12][25]",
					"strict" : false
				},
				{
					"name" : "arrayout[12][26]",
					"strict" : false
				},
				{
					"name" : "arrayout[12][27]",
					"strict" : false
				},
				{
					"name" : "arrayout[12][28]",
					"strict" : false
				},
				{
					"name" : "arrayout[12][29]",
					"strict" : false
				},
				{
					"name" : "arrayout[12][30]",
					"strict" : false
				},
				{
					"name" : "arrayout[12][31]",
					"strict" : false
				},
				{
					"name" : "arrayout[13][0]",
					"strict" : false
				},
				{
					"name" : "arrayout[13][1]",
					"strict" : false
				},
				{
					"name" : "arrayout[13][2]",
					"strict" : false
				},
				{
					"name" : "arrayout[13][3]",
					"strict" : false
				},
				{
					"name" : "arrayout[13][4]",
					"strict" : false
				},
				{
					"name" : "arrayout[13][5]",
					"strict" : false
				},
				{
					"name" : "arrayout[13][6]",
					"strict" : false
				},
				{
					"name" : "arrayout[13][7]",
					"strict" : false
				},
				{
					"name" : "arrayout[13][8]",
					"strict" : false
				},
				{
					"name" : "arrayout[13][9]",
					"strict" : false
				},
				{
					"name" : "arrayout[13][10]",
					"strict" : false
				},
				{
					"name" : "arrayout[13][11]",
					"strict" : false
				},
				{
					"name" : "arrayout[13][12]",
					"strict" : false
				},
				{
					"name" : "arrayout[13][13]",
					"strict" : false
				},
				{
					"name" : "arrayout[13][14]",
					"strict" : false
				},
				{
					"name" : "arrayout[13][15]",
					"strict" : false
				},
				{
					"name" : "arrayout[13][16]",
					"strict" : false
				},
				{
					"name" : "arrayout[13][17]",
					"strict" : false
				},
				{
					"name" : "arrayout[13][18]",
					"strict" : false
				},
				{
					"name" : "arrayout[13][19]",
					"strict" : false
				},
				{
					"name" : "arrayout[13][20]",
					"strict" : false
				},
				{
					"name" : "arrayout[13][21]",
					"strict" : false
				},
				{
					"name" : "arrayout[13][22]",
					"strict" : false
				},
				{
					"name" : "arrayout[13][23]",
					"strict" : false
				},
				{
					"name" : "arrayout[13][24]",
					"strict" : false
				},
				{
					"name" : "arrayout[13][25]",
					"strict" : false
				},
				{
					"name" : "arrayout[13][26]",
					"strict" : false
				},
				{
					"name" : "arrayout[13][27]",
					"strict" : false
				},
				{
					"name" : "arrayout[13][28]",
					"strict" : false
				},
				{
					"name" : "arrayout[13][29]",
					"strict" : false
				},
				{
					"name" : "arrayout[13][30]",
					"strict" : false
				},
				{
					"name" : "arrayout[13][31]",
					"strict" : false
				},
				{
					"name" : "arrayout[14][0]",
					"strict" : false
				},
				{
					"name" : "arrayout[14][1]",
					"strict" : false
				},
				{
					"name" : "arrayout[14][2]",
					"strict" : false
				},
				{
					"name" : "arrayout[14][3]",
					"strict" : false
				},
				{
					"name" : "arrayout[14][4]",
					"strict" : false
				},
				{
					"name" : "arrayout[14][5]",
					"strict" : false
				},
				{
					"name" : "arrayout[14][6]",
					"strict" : false
				},
				{
					"name" : "arrayout[14][7]",
					"strict" : false
				},
				{
					"name" : "arrayout[14][8]",
					"strict" : false
				},
				{
					"name" : "arrayout[14][9]",
					"strict" : false
				},
				{
					"name" : "arrayout[14][10]",
					"strict" : false
				},
				{
					"name" : "arrayout[14][11]",
					"strict" : false
				},
				{
					"name" : "arrayout[14][12]",
					"strict" : false
				},
				{
					"name" : "arrayout[14][13]",
					"strict" : false
				},
				{
					"name" : "arrayout[14][14]",
					"strict" : false
				},
				{
					"name" : "arrayout[14][15]",
					"strict" : false
				},
				{
					"name" : "arrayout[14][16]",
					"strict" : false
				},
				{
					"name" : "arrayout[14][17]",
					"strict" : false
				},
				{
					"name" : "arrayout[14][18]",
					"strict" : false
				},
				{
					"name" : "arrayout[14][19]",
					"strict" : false
				},
				{
					"name" : "arrayout[14][20]",
					"strict" : false
				},
				{
					"name" : "arrayout[14][21]",
					"strict" : false
				},
				{
					"name" : "arrayout[14][22]",
					"strict" : false
				},
				{
					"name" : "arrayout[14][23]",
					"strict" : false
				},
				{
					"name" : "arrayout[14][24]",
					"strict" : false
				},
				{
					"name" : "arrayout[14][25]",
					"strict" : false
				},
				{
					"name" : "arrayout[14][26]",
					"strict" : false
				},
				{
					"name" : "arrayout[14][27]",
					"strict" : false
				},
				{
					"name" : "arrayout[14][28]",
					"strict" : false
				},
				{
					"name" : "arrayout[14][29]",
					"strict" : false
				},
				{
					"name" : "arrayout[14][30]",
					"strict" : false
				},
				{
					"name" : "arrayout[14][31]",
					"strict" : false
				},
				{
					"name" : "arrayout[15][0]",
					"strict" : false
				},
				{
					"name" : "arrayout[15][1]",
					"strict" : false
				},
				{
					"name" : "arrayout[15][2]",
					"strict" : false
				},
				{
					"name" : "arrayout[15][3]",
					"strict" : false
				},
				{
					"name" : "arrayout[15][4]",
					"strict" : false
				},
				{
					"name" : "arrayout[15][5]",
					"strict" : false
				},
				{
					"name" : "arrayout[15][6]",
					"strict" : false
				},
				{
					"name" : "arrayout[15][7]",
					"strict" : false
				},
				{
					"name" : "arrayout[15][8]",
					"strict" : false
				},
				{
					"name" : "arrayout[15][9]",
					"strict" : false
				},
				{
					"name" : "arrayout[15][10]",
					"strict" : false
				},
				{
					"name" : "arrayout[15][11]",
					"strict" : false
				},
				{
					"name" : "arrayout[15][12]",
					"strict" : false
				},
				{
					"name" : "arrayout[15][13]",
					"strict" : false
				},
				{
					"name" : "arrayout[15][14]",
					"strict" : false
				},
				{
					"name" : "arrayout[15][15]",
					"strict" : false
				},
				{
					"name" : "arrayout[15][16]",
					"strict" : false
				},
				{
					"name" : "arrayout[15][17]",
					"strict" : false
				},
				{
					"name" : "arrayout[15][18]",
					"strict" : false
				},
				{
					"name" : "arrayout[15][19]",
					"strict" : false
				},
				{
					"name" : "arrayout[15][20]",
					"strict" : false
				},
				{
					"name" : "arrayout[15][21]",
					"strict" : false
				},
				{
					"name" : "arrayout[15][22]",
					"strict" : false
				},
				{
					"name" : "arrayout[15][23]",
					"strict" : false
				},
				{
					"name" : "arrayout[15][24]",
					"strict" : false
				},
				{
					"name" : "arrayout[15][25]",
					"strict" : false
				},
				{
					"name" : "arrayout[15][26]",
					"strict" : false
				},
				{
					"name" : "arrayout[15][27]",
					"strict" : false
				},
				{
					"name" : "arrayout[15][28]",
					"strict" : false
				},
				{
					"name" : "arrayout[15][29]",
					"strict" : false
				},
				{
					"name" : "arrayout[15][30]",
					"strict" : false
				},
				{
					"name" : "arrayout[15][31]",
					"strict" : false
				},
				{
					"name" : "clk",
					"strict" : false
				},
				{
					"name" : "rst",
					"strict" : false
				},
				{
					"name" : "pushbutts[1]",
					"strict" : false
				},
				{
					"name" : "pushbutts[2]",
					"strict" : false
				},
				{
					"name" : "pushbutts[0]",
					"strict" : false
				},
				{
					"name" : "pushbutts[3]",
					"strict" : false
				}
			]
		}
	]
}